{"cameraMode":{"drawMode":0,"name":"Shaded","section":"Shading Mode"},"sceneLighting":false,"audioPlay":false,"sceneViewState":{"m_AlwaysRefresh":false,"showFog":true,"showSkybox":true,"showFlares":true,"showImageEffects":true,"showParticleSystems":true,"showVisualEffectGraphs":true,"m_FxEnabled":true},"in2DMode":false,"pivot":{"x":10.53436279296875,"y":4.0437211990356449,"z":14.6419677734375},"rotation":{"x":0.7103762030601502,"y":0.002016224432736635,"z":-0.002115661045536399,"w":0.7039958238601685},"size":27.505754470825197,"orthographic":false}