{"cameraMode":{"drawMode":0,"name":"Shaded","section":"Shading Mode"},"sceneLighting":false,"audioPlay":false,"sceneViewState":{"m_AlwaysRefresh":false,"showFog":true,"showSkybox":true,"showFlares":true,"showImageEffects":true,"showParticleSystems":true,"showVisualEffectGraphs":true,"m_FxEnabled":true},"in2DMode":false,"pivot":{"x":-13.920000076293946,"y":0.800000011920929,"z":-8.760000228881836},"rotation":{"x":0.6578591465950012,"y":0.007812856696546078,"z":-0.006898997351527214,"w":0.7532380223274231},"size":27.410316467285158,"orthographic":false}